{
    "metadata": {
        "configurationVersions": [3],
        "clusterVersion": "1.210.0.20210112-174609"
    },
    "id": "3006cdb3-03b7-49ea-a760-17e56e8b0f11",
    "dashboardMetadata": {
        "name": "Microsoft SQL Server",
        "shared": false,
        "owner": "vagiz.duseev@dynatrace.com",
        "sharingDetails": {
            "linkShared": true,
            "published": false
        }
    },
    "tiles": [{
        "name": "Status",
        "tileType": "HEADER",
        "configured": true,
        "bounds": {
            "top": 0,
            "left": 0,
            "width": 608,
            "height": 38
        },
        "tileFilter": {}
    }, {
        "name": "Performance",
        "tileType": "HEADER",
        "configured": true,
        "bounds": {
            "top": 0,
            "left": 646,
            "width": 608,
            "height": 38
        },
        "tileFilter": {}
    }, {
        "name": "Custom chart",
        "tileType": "CUSTOM_CHARTING",
        "configured": true,
        "bounds": {
            "top": 38,
            "left": 0,
            "width": 304,
            "height": 228
        },
        "tileFilter": {},
        "filterConfig": {
            "type": "MIXED",
            "customName": "User connections",
            "defaultName": "Custom chart",
            "chartConfig": {
                "legendShown": true,
                "type": "TIMESERIES",
                "series": [{
                    "metric": "builtin:tech.mssql.user_connections",
                    "aggregation": "AVG",
                    "type": "LINE",
                    "entityType": "PROCESS_GROUP_INSTANCE",
                    "dimensions": [],
                    "sortAscending": false,
                    "sortColumn": true,
                    "aggregationRate": "TOTAL"
                }],
                "resultMetadata": {}
            },
            "filtersPerEntityType": {}
        }
    }, {
        "name": "Custom chart",
        "tileType": "CUSTOM_CHARTING",
        "configured": true,
        "bounds": {
            "top": 38,
            "left": 646,
            "width": 304,
            "height": 228
        },
        "tileFilter": {},
        "filterConfig": {
            "type": "MIXED",
            "customName": "Blocked processes",
            "defaultName": "Custom chart",
            "chartConfig": {
                "legendShown": true,
                "type": "TIMESERIES",
                "series": [{
                    "metric": "builtin:tech.mssql.processes_blocked",
                    "aggregation": "AVG",
                    "type": "LINE",
                    "entityType": "PROCESS_GROUP_INSTANCE",
                    "dimensions": [],
                    "sortAscending": false,
                    "sortColumn": true,
                    "aggregationRate": "TOTAL"
                }],
                "resultMetadata": {}
            },
            "filtersPerEntityType": {}
        }
    }, {
        "name": "Custom chart",
        "tileType": "CUSTOM_CHARTING",
        "configured": true,
        "bounds": {
            "top": 38,
            "left": 950,
            "width": 304,
            "height": 228
        },
        "tileFilter": {},
        "filterConfig": {
            "type": "MIXED",
            "customName": "Buffer cache hit ratio",
            "defaultName": "Custom chart",
            "chartConfig": {
                "legendShown": true,
                "type": "TIMESERIES",
                "series": [{
                    "metric": "builtin:tech.mssql.buffer_cache_hit_ratio",
                    "aggregation": "AVG",
                    "type": "LINE",
                    "entityType": "PROCESS_GROUP_INSTANCE",
                    "dimensions": [],
                    "sortAscending": false,
                    "sortColumn": true,
                    "aggregationRate": "TOTAL"
                }],
                "resultMetadata": {}
            },
            "filtersPerEntityType": {}
        }
    }, {
        "name": "Custom chart",
        "tileType": "CUSTOM_CHARTING",
        "configured": true,
        "bounds": {
            "top": 38,
            "left": 304,
            "width": 304,
            "height": 228
        },
        "tileFilter": {},
        "filterConfig": {
            "type": "MIXED",
            "customName": "Transactions",
            "defaultName": "Custom chart",
            "chartConfig": {
                "legendShown": true,
                "type": "TIMESERIES",
                "series": [{
                    "metric": "builtin:tech.mssql.transactions",
                    "aggregation": "AVG",
                    "type": "LINE",
                    "entityType": "PROCESS_GROUP_INSTANCE",
                    "dimensions": [],
                    "sortAscending": false,
                    "sortColumn": true,
                    "aggregationRate": "TOTAL"
                }],
                "resultMetadata": {}
            },
            "filtersPerEntityType": {}
        }
    }, {
        "name": "Custom chart",
        "tileType": "CUSTOM_CHARTING",
        "configured": true,
        "bounds": {
            "top": 304,
            "left": 0,
            "width": 304,
            "height": 228
        },
        "tileFilter": {},
        "filterConfig": {
            "type": "MIXED",
            "customName": "Target server memory",
            "defaultName": "Custom chart",
            "chartConfig": {
                "legendShown": true,
                "type": "TIMESERIES",
                "series": [{
                    "metric": "builtin:tech.mssql.targer_server_memory",
                    "aggregation": "AVG",
                    "type": "LINE",
                    "entityType": "PROCESS_GROUP_INSTANCE",
                    "dimensions": [],
                    "sortAscending": false,
                    "sortColumn": true,
                    "aggregationRate": "TOTAL"
                }],
                "resultMetadata": {}
            },
            "filtersPerEntityType": {}
        }
    }, {
        "name": "Custom chart",
        "tileType": "CUSTOM_CHARTING",
        "configured": true,
        "bounds": {
            "top": 304,
            "left": 304,
            "width": 304,
            "height": 228
        },
        "tileFilter": {},
        "filterConfig": {
            "type": "MIXED",
            "customName": "Total server memory",
            "defaultName": "Custom chart",
            "chartConfig": {
                "legendShown": true,
                "type": "TIMESERIES",
                "series": [{
                    "metric": "builtin:tech.mssql.total_server_memory",
                    "aggregation": "AVG",
                    "type": "LINE",
                    "entityType": "PROCESS_GROUP_INSTANCE",
                    "dimensions": [],
                    "sortAscending": false,
                    "sortColumn": true,
                    "aggregationRate": "TOTAL"
                }],
                "resultMetadata": {}
            },
            "filtersPerEntityType": {}
        }
    }, {
        "name": "Markdown",
        "tileType": "MARKDOWN",
        "configured": true,
        "bounds": {
            "top": 266,
            "left": 0,
            "width": 608,
            "height": 38
        },
        "tileFilter": {},
        "markdown": "### Server memory"
    }, {
        "name": "Custom chart",
        "tileType": "CUSTOM_CHARTING",
        "configured": true,
        "bounds": {
            "top": 570,
            "left": 0,
            "width": 304,
            "height": 228
        },
        "tileFilter": {},
        "filterConfig": {
            "type": "MIXED",
            "customName": "Lock waits",
            "defaultName": "Custom chart",
            "chartConfig": {
                "legendShown": true,
                "type": "TIMESERIES",
                "series": [{
                    "metric": "builtin:tech.mssql.lock_waits_sec",
                    "aggregation": "AVG",
                    "type": "LINE",
                    "entityType": "PROCESS_GROUP_INSTANCE",
                    "dimensions": [],
                    "sortAscending": false,
                    "sortColumn": true,
                    "aggregationRate": "TOTAL"
                }],
                "resultMetadata": {}
            },
            "filtersPerEntityType": {}
        }
    }, {
        "name": "Markdown",
        "tileType": "MARKDOWN",
        "configured": true,
        "bounds": {
            "top": 532,
            "left": 0,
            "width": 608,
            "height": 38
        },
        "tileFilter": {},
        "markdown": "### Locks"
    }, {
        "name": "Custom chart",
        "tileType": "CUSTOM_CHARTING",
        "configured": true,
        "bounds": {
            "top": 570,
            "left": 304,
            "width": 304,
            "height": 228
        },
        "tileFilter": {},
        "filterConfig": {
            "type": "MIXED",
            "customName": "Deadlocks",
            "defaultName": "Custom chart",
            "chartConfig": {
                "legendShown": true,
                "type": "TIMESERIES",
                "series": [{
                    "metric": "builtin:tech.mssql.no_of_deadlocks_sec",
                    "aggregation": "AVG",
                    "type": "LINE",
                    "entityType": "PROCESS_GROUP_INSTANCE",
                    "dimensions": [],
                    "sortAscending": false,
                    "sortColumn": true,
                    "aggregationRate": "TOTAL"
                }],
                "resultMetadata": {}
            },
            "filtersPerEntityType": {}
        }
    }, {
        "name": "Custom chart",
        "tileType": "CUSTOM_CHARTING",
        "configured": true,
        "bounds": {
            "top": 266,
            "left": 646,
            "width": 304,
            "height": 266
        },
        "tileFilter": {},
        "filterConfig": {
            "type": "MIXED",
            "customName": "Page life expectancy",
            "defaultName": "Custom chart",
            "chartConfig": {
                "legendShown": true,
                "type": "TIMESERIES",
                "series": [{
                    "metric": "builtin:tech.mssql.page_life_expectancy",
                    "aggregation": "AVG",
                    "type": "LINE",
                    "entityType": "PROCESS_GROUP_INSTANCE",
                    "dimensions": [],
                    "sortAscending": false,
                    "sortColumn": true,
                    "aggregationRate": "TOTAL"
                }],
                "resultMetadata": {}
            },
            "filtersPerEntityType": {}
        }
    }, {
        "name": "Custom chart",
        "tileType": "CUSTOM_CHARTING",
        "configured": true,
        "bounds": {
            "top": 532,
            "left": 646,
            "width": 304,
            "height": 266
        },
        "tileFilter": {},
        "filterConfig": {
            "type": "MIXED",
            "customName": "Compilations",
            "defaultName": "Custom chart",
            "chartConfig": {
                "legendShown": true,
                "type": "TIMESERIES",
                "series": [{
                    "metric": "builtin:tech.mssql.sql_compilations_sec",
                    "aggregation": "AVG",
                    "type": "LINE",
                    "entityType": "PROCESS_GROUP_INSTANCE",
                    "dimensions": [],
                    "sortAscending": false,
                    "sortColumn": true,
                    "aggregationRate": "TOTAL"
                }],
                "resultMetadata": {}
            },
            "filtersPerEntityType": {}
        }
    }, {
        "name": "Custom chart",
        "tileType": "CUSTOM_CHARTING",
        "configured": true,
        "bounds": {
            "top": 266,
            "left": 950,
            "width": 304,
            "height": 266
        },
        "tileFilter": {},
        "filterConfig": {
            "type": "MIXED",
            "customName": "Checkpoint pages",
            "defaultName": "Custom chart",
            "chartConfig": {
                "legendShown": true,
                "type": "TIMESERIES",
                "series": [{
                    "metric": "builtin:tech.mssql.checkpoint_pages_sec",
                    "aggregation": "AVG",
                    "type": "LINE",
                    "entityType": "PROCESS_GROUP_INSTANCE",
                    "dimensions": [],
                    "sortAscending": false,
                    "sortColumn": true,
                    "aggregationRate": "TOTAL"
                }],
                "resultMetadata": {}
            },
            "filtersPerEntityType": {}
        }
    }, {
        "name": "Custom chart",
        "tileType": "CUSTOM_CHARTING",
        "configured": true,
        "bounds": {
            "top": 532,
            "left": 950,
            "width": 304,
            "height": 266
        },
        "tileFilter": {},
        "filterConfig": {
            "type": "MIXED",
            "customName": "Re-Compilations",
            "defaultName": "Custom chart",
            "chartConfig": {
                "legendShown": true,
                "type": "TIMESERIES",
                "series": [{
                    "metric": "builtin:tech.mssql.sql_recompilations_sec",
                    "aggregation": "AVG",
                    "type": "LINE",
                    "entityType": "PROCESS_GROUP_INSTANCE",
                    "dimensions": [],
                    "sortAscending": false,
                    "sortColumn": true,
                    "aggregationRate": "TOTAL"
                }],
                "resultMetadata": {}
            },
            "filtersPerEntityType": {}
        }
    }]
}